image_0001.jpg,695,1
image_0001.jpg,554,282
image_0001.jpg,675,276
image_0001.jpg,636,368
image_0001.jpg,649,418
image_0001.jpg,580,415
image_0001.jpg,637,418
image_0002.jpg,363,427
image_0002.jpg,375,426
image_0002.jpg,323,426
image_0002.jpg,308,421
image_0002.jpg,356,380
image_0002.jpg,404,293
image_0002.jpg,287,295
image_0003.jpg,474,263
image_0003.jpg,596,254
image_0003.jpg,550,338
image_0003.jpg,506,340
image_0003.jpg,540,396
image_0003.jpg,562,393
image_0003.jpg,500,395
image_0004.jpg,396,317
image_0004.jpg,285,319
image_0004.jpg,351,393
image_0004.jpg,294,442
image_0004.jpg,382,446
image_0005.jpg,526,293
image_0005.jpg,643,286
image_0005.jpg,601,372
image_0005.jpg,631,420
image_0005.jpg,549,419
image_0007.jpg,422,405
image_0007.jpg,407,402
image_0007.jpg,473,402
image_0007.jpg,500,267
image_0007.jpg,384,273
image_0007.jpg,495,479
image_0008.jpg,513,420
image_0008.jpg,496,413
image_0008.jpg,569,414
image_0008.jpg,558,419
image_0008.jpg,583,299
image_0008.jpg,476,302
image_0009.jpg,380,372
image_0009.jpg,426,287
image_0009.jpg,310,289
image_0009.jpg,325,418
image_0012.jpg,567,398
image_0012.jpg,631,399
image_0012.jpg,601,400
image_0014.jpg,299,358
image_0014.jpg,249,406
image_0014.jpg,262,408
image_0014.jpg,285,408
image_0014.jpg,311,408
image_0020.jpg,410,427
image_0020.jpg,470,432
image_0020.jpg,395,427
image_0022.jpg,361,277
image_0022.jpg,315,345
image_0023.jpg,428,333
image_0023.jpg,460,334
image_0023.jpg,490,386
image_0023.jpg,400,383
image_0024.jpg,459,342
image_0024.jpg,424,342
image_0025.jpg,481,352
image_0026.jpg,459,336
image_0026.jpg,390,262
image_0026.jpg,505,263
image_0027.jpg,517,269
image_0027.jpg,396,267
image_0027.jpg,466,341
image_0028.jpg,457,333
image_0028.jpg,419,329
image_0028.jpg,382,261
image_0029.jpg,366,271
image_0029.jpg,482,270
image_0030.jpg,462,279
image_0030.jpg,500,340
image_0030.jpg,536,342
image_0030.jpg,576,280
image_0031.jpg,494,270
image_0031.jpg,616,270
image_0031.jpg,551,394
image_0032.jpg,399,240
image_0032.jpg,282,233
image_0033.jpg,260,314
image_0033.jpg,381,321
image_0034.jpg,294,266
image_0034.jpg,412,268
image_0034.jpg,370,349
image_0034.jpg,330,346
image_0036.jpg,389,273
image_0036.jpg,517,274
image_0036.jpg,468,353
image_0036.jpg,426,350
image_0037.jpg,464,336
image_0037.jpg,421,333
image_0038.jpg,393,277
image_0038.jpg,512,279
image_0039.jpg,452,272
image_0039.jpg,575,272
image_0043.jpg,521,254
image_0043.jpg,637,255
image_0044.jpg,368,269
image_0044.jpg,254,269
image_0045.jpg,498,273
image_0045.jpg,613,272
image_0046.jpg,477,277
image_0046.jpg,511,358
image_0046.jpg,541,358
image_0046.jpg,588,276
image_0047.jpg,393,267
image_0047.jpg,515,271
image_0047.jpg,446,390
image_0047.jpg,467,344
image_0047.jpg,437,344
image_0048.jpg,307,213
image_0048.jpg,429,213
image_0049.jpg,494,271
image_0049.jpg,624,276
image_0049.jpg,590,400
image_0049.jpg,582,393
image_0049.jpg,571,393
image_0049.jpg,570,398
image_0049.jpg,550,403
image_0049.jpg,537,399
image_0049.jpg,533,401
image_0049.jpg,528,400
image_0049.jpg,522,398
image_0049.jpg,517,398
image_0049.jpg,514,399
image_0050.jpg,376,267
image_0050.jpg,254,264
image_0052.jpg,585,279
image_0052.jpg,460,273
image_0053.jpg,509,258
image_0053.jpg,636,255
image_0053.jpg,622,367
image_0053.jpg,616,368
image_0053.jpg,612,373
image_0053.jpg,611,369
image_0053.jpg,601,368
image_0053.jpg,601,374
image_0053.jpg,595,374
image_0053.jpg,590,370
image_0053.jpg,590,372
image_0053.jpg,574,380
image_0053.jpg,574,372
image_0053.jpg,559,372
image_0053.jpg,557,379
image_0053.jpg,544,377
image_0053.jpg,544,370
image_0053.jpg,531,372
image_0053.jpg,635,255
image_0053.jpg,511,257
image_0054.jpg,485,395
image_0054.jpg,479,395
image_0054.jpg,468,394
image_0054.jpg,468,399
image_0054.jpg,459,400
image_0054.jpg,454,400
image_0054.jpg,453,394
image_0054.jpg,449,400
image_0054.jpg,441,400
image_0054.jpg,437,399
image_0054.jpg,429,398
image_0054.jpg,427,399
image_0055.jpg,581,408
image_0055.jpg,567,402
image_0055.jpg,573,405
image_0055.jpg,617,398
image_0055.jpg,621,398
image_0055.jpg,633,397
image_0055.jpg,641,398
image_0055.jpg,619,407
image_0055.jpg,672,278
image_0055.jpg,538,275
image_0056.jpg,422,347
image_0057.jpg,469,278
image_0057.jpg,604,280
image_0057.jpg,548,360
image_0057.jpg,578,400
image_0057.jpg,558,400
image_0057.jpg,523,401
image_0058.jpg,477,389
image_0058.jpg,462,391
image_0058.jpg,462,387
image_0058.jpg,464,383
image_0058.jpg,446,392
image_0058.jpg,431,391
image_0058.jpg,424,390
image_0059.jpg,505,265
image_0059.jpg,641,265
image_0059.jpg,587,345
image_0059.jpg,552,347
image_0060.jpg,476,401
image_0060.jpg,466,360
image_0060.jpg,437,356
image_0061.jpg,495,268
image_0061.jpg,619,271
image_0061.jpg,566,345
image_0061.jpg,533,341
image_0062.jpg,490,273
image_0062.jpg,619,273
image_0062.jpg,567,351
image_0062.jpg,536,351
image_0063.jpg,466,345
image_0063.jpg,514,270
image_0063.jpg,392,268
image_0063.jpg,446,383
image_0064.jpg,309,385
image_0064.jpg,308,385
image_0064.jpg,298,386
image_0064.jpg,298,393
image_0064.jpg,289,394
image_0064.jpg,290,383
image_0064.jpg,281,384
image_0064.jpg,281,391
image_0064.jpg,265,392
image_0064.jpg,265,383
image_0064.jpg,248,385
image_0064.jpg,248,392
image_0064.jpg,234,391
image_0064.jpg,237,386
image_0064.jpg,227,392
image_0064.jpg,222,386
image_0066.jpg,516,278
image_0066.jpg,392,272
image_0066.jpg,418,395
image_0066.jpg,424,395
image_0066.jpg,426,396
image_0066.jpg,432,398
image_0066.jpg,437,398
image_0066.jpg,438,389
image_0066.jpg,446,401
image_0066.jpg,451,401
image_0066.jpg,456,401
image_0066.jpg,459,400
image_0066.jpg,465,399
image_0066.jpg,465,399
image_0066.jpg,470,398
image_0066.jpg,482,397
image_0066.jpg,486,396
image_0066.jpg,478,396
image_0066.jpg,480,390
image_0066.jpg,470,384
image_0069.jpg,407,389
image_0069.jpg,412,390
image_0069.jpg,421,393
image_0069.jpg,426,393
image_0069.jpg,436,393
image_0069.jpg,440,393
image_0069.jpg,456,393
image_0069.jpg,458,393
image_0069.jpg,469,390
image_0069.jpg,475,388
image_0069.jpg,470,387
image_0069.jpg,457,387
image_0069.jpg,444,387
image_0069.jpg,458,346
image_0069.jpg,503,254
image_0069.jpg,385,254
image_0006.jpg,553,285
image_0010.jpg,386,364
image_0011.jpg,382,278
image_0013.jpg,526,287
image_0015.jpg,558,378
image_0016.jpg,486,256
image_0017.jpg,462,403
image_0018.jpg,474,298
image_0019.jpg,596,403
image_0019.jpg,554,401
image_0019.jpg,541,397
image_0019.jpg,596,403
image_0021.jpg,448,301
image_0035.jpg,267,260
image_0040.jpg,259,296
image_0041.jpg,259,258
image_0042.jpg,625,263
image_0051.jpg,551,281
image_0065.jpg,693,288
image_0067.jpg,510,278
image_0068.jpg,357,259
image_0070.jpg,387,259
image_0070.jpg,501,258
image_0070.jpg,495,373
image_0070.jpg,491,378
image_0070.jpg,483,385
image_0070.jpg,476,394
image_0070.jpg,474,379
image_0070.jpg,463,382
image_0070.jpg,464,399
image_0070.jpg,447,390
image_0070.jpg,446,402
image_0070.jpg,437,401
image_0070.jpg,431,385
image_0070.jpg,429,398
image_0070.jpg,418,396
image_0070.jpg,423,398
image_0070.jpg,415,394
image_0070.jpg,420,380
image_0070.jpg,408,388
image_0070.jpg,409,380
image_0070.jpg,402,383
image_0070.jpg,396,377
image_0071.jpg,484,367
image_0071.jpg,479,375
image_0071.jpg,472,378
image_0071.jpg,472,367
image_0071.jpg,463,370
image_0071.jpg,463,386
image_0071.jpg,455,389
image_0071.jpg,452,375
image_0071.jpg,434,378
image_0071.jpg,435,393
image_0071.jpg,423,392
image_0071.jpg,418,386
image_0071.jpg,418,376
image_0071.jpg,408,384
image_0071.jpg,406,384
image_0071.jpg,398,378
image_0071.jpg,391,375
image_0071.jpg,387,365
image_0071.jpg,381,246
image_0071.jpg,496,249
image_0072.jpg,510,252
image_0072.jpg,382,252
image_0072.jpg,463,354
image_0072.jpg,465,399
image_0073.jpg,476,374
image_0073.jpg,464,374
image_0073.jpg,460,379
image_0073.jpg,457,380
image_0073.jpg,455,372
image_0073.jpg,439,385
image_0073.jpg,421,381
image_0073.jpg,496,242
image_0073.jpg,381,241
image_0073.jpg,451,336
image_0074.jpg,459,349
image_0074.jpg,509,255
image_0074.jpg,383,251
image_0074.jpg,490,388
image_0074.jpg,485,391
image_0074.jpg,475,397
image_0074.jpg,472,401
image_0074.jpg,464,402
image_0074.jpg,455,406
image_0074.jpg,443,406
image_0074.jpg,445,392
image_0074.jpg,425,402
image_0074.jpg,413,397
image_0074.jpg,403,393
image_0074.jpg,393,385
image_0075.jpg,483,388
image_0075.jpg,486,387
image_0075.jpg,477,392
image_0075.jpg,465,396
image_0075.jpg,445,400
image_0075.jpg,448,389
image_0075.jpg,430,397
image_0075.jpg,420,393
image_0075.jpg,408,386
image_0075.jpg,502,258
image_0075.jpg,387,256
image_0075.jpg,464,347
image_0076.jpg,492,262
image_0076.jpg,373,261
image_0076.jpg,487,382
image_0076.jpg,482,389
image_0076.jpg,474,396
image_0076.jpg,464,402
image_0076.jpg,453,407
image_0076.jpg,444,410
image_0076.jpg,435,411
image_0076.jpg,435,397
image_0076.jpg,423,410
image_0076.jpg,417,407
image_0076.jpg,405,404
image_0076.jpg,396,399
image_0076.jpg,388,394
image_0076.jpg,382,382
image_0076.jpg,493,262
image_0076.jpg,372,264
image_0077.jpg,424,292
image_0077.jpg,547,288
image_0077.jpg,487,433
image_0078.jpg,489,381
image_0078.jpg,385,381
image_0078.jpg,374,244
image_0078.jpg,502,245
image_0079.jpg,509,266
image_0079.jpg,620,269
image_0079.jpg,607,389
image_0079.jpg,514,387
image_0080.jpg,474,382
image_0080.jpg,455,393
image_0080.jpg,452,383
image_0080.jpg,436,397
image_0080.jpg,435,385
image_0080.jpg,416,393
image_0080.jpg,403,389
image_0080.jpg,396,383
image_0080.jpg,389,378
image_0080.jpg,373,247
image_0080.jpg,493,249
image_0081.jpg,504,258
image_0081.jpg,391,257
image_0081.jpg,397,369
image_0081.jpg,409,384
image_0081.jpg,412,374
image_0081.jpg,403,376
image_0081.jpg,419,377
image_0081.jpg,419,388
image_0081.jpg,429,394
image_0081.jpg,431,381
image_0081.jpg,446,382
image_0081.jpg,446,395
image_0081.jpg,463,394
image_0081.jpg,463,383
image_0081.jpg,474,378
image_0081.jpg,475,388
image_0081.jpg,484,385
image_0081.jpg,484,375
image_0081.jpg,491,378
image_0081.jpg,497,372
image_0081.jpg,504,259
image_0081.jpg,391,256
image_0082.jpg,510,271
image_0082.jpg,631,270
image_0082.jpg,586,369
image_0082.jpg,523,412
image_0083.jpg,490,383
image_0083.jpg,482,388
image_0083.jpg,482,394
image_0083.jpg,471,398
image_0083.jpg,463,400
image_0083.jpg,461,389
image_0083.jpg,443,406
image_0083.jpg,444,390
image_0083.jpg,423,403
image_0083.jpg,414,398
image_0083.jpg,406,392
image_0083.jpg,398,388
image_0083.jpg,458,353
image_0083.jpg,500,262
image_0083.jpg,383,260
image_0084.jpg,350,263
image_0084.jpg,233,263
image_0084.jpg,309,353
image_0084.jpg,342,380
image_0084.jpg,330,391
image_0084.jpg,318,400
image_0084.jpg,308,402
image_0084.jpg,291,407
image_0084.jpg,291,392
image_0084.jpg,274,404
image_0084.jpg,274,391
image_0084.jpg,262,400
image_0084.jpg,262,389
image_0084.jpg,252,393
image_0084.jpg,246,387
image_0084.jpg,241,384
image_0085.jpg,331,410
image_0085.jpg,241,409
image_0085.jpg,272,424
image_0085.jpg,287,425
image_0085.jpg,306,421
image_0085.jpg,347,280
image_0085.jpg,228,279
image_0086.jpg,501,252
image_0086.jpg,377,248
image_0086.jpg,456,347
image_0086.jpg,480,389
image_0086.jpg,486,388
image_0086.jpg,471,394
image_0086.jpg,458,399
image_0086.jpg,439,402
image_0086.jpg,439,390
image_0086.jpg,423,403
image_0086.jpg,419,401
image_0086.jpg,409,393
image_0086.jpg,396,388
image_0086.jpg,498,250
image_0086.jpg,376,249
image_0087.jpg,382,237
image_0087.jpg,495,237
image_0087.jpg,454,325
image_0088.jpg,483,288
image_0088.jpg,525,379
image_0088.jpg,555,381
image_0088.jpg,603,287
image_0089.jpg,496,246
image_0089.jpg,379,248
image_0089.jpg,455,338
image_0089.jpg,469,386
image_0089.jpg,459,387
image_0089.jpg,440,392
image_0089.jpg,420,389
image_0089.jpg,407,386
image_0089.jpg,453,340
image_0090.jpg,515,268
image_0090.jpg,480,355
image_0090.jpg,408,264
image_0090.jpg,418,384
image_0090.jpg,494,388
image_0091.jpg,489,284
image_0092.jpg,482,266
image_0092.jpg,584,272
image_0092.jpg,551,350
image_0092.jpg,550,389
image_0092.jpg,538,389
image_0092.jpg,524,389
image_0093.jpg,498,273
image_0093.jpg,394,271
image_0093.jpg,498,273
image_0093.jpg,394,271
image_0093.jpg,485,380
image_0093.jpg,478,383
image_0093.jpg,473,385
image_0093.jpg,473,378
image_0093.jpg,465,381
image_0093.jpg,464,389
image_0093.jpg,450,391
image_0093.jpg,450,382
image_0093.jpg,443,389
image_0093.jpg,436,388
image_0093.jpg,436,381
image_0093.jpg,428,388
image_0093.jpg,421,382
image_0093.jpg,417,382
image_0093.jpg,421,382
image_0094.jpg,466,346
image_0094.jpg,483,382
image_0094.jpg,500,269
image_0094.jpg,398,265
image_0095.jpg,400,264
image_0096.jpg,446,312
image_0096.jpg,350,307
image_0096.jpg,405,384
image_0096.jpg,415,416
image_0096.jpg,361,414
image_0097.jpg,406,291
image_0098.jpg,374,295
image_0098.jpg,272,289
image_0098.jpg,331,372
image_0099.jpg,396,262
image_0099.jpg,497,262
image_0099.jpg,426,379
image_0099.jpg,459,340
image_0100.jpg,457,303
image_0100.jpg,566,296
image_0100.jpg,495,423
image_0100.jpg,514,427
image_0101.jpg,319,235
image_0102.jpg,516,291
image_0102.jpg,618,293
image_0102.jpg,574,370
image_0102.jpg,534,407
image_0103.jpg,502,259
image_0103.jpg,398,258
image_0103.jpg,463,341
image_0103.jpg,423,375
image_0104.jpg,495,269
image_0104.jpg,396,265
image_0105.jpg,454,301
image_0105.jpg,555,307
image_0105.jpg,514,384
image_0106.jpg,618,297
image_0107.jpg,506,290
image_0108.jpg,493,269
image_0109.jpg,606,293
image_0109.jpg,498,291
image_0109.jpg,540,410
image_0109.jpg,569,373
image_0110.jpg,586,295
image_0110.jpg,485,290
image_0110.jpg,555,378
image_0111.jpg,404,264
image_0111.jpg,502,263
image_0111.jpg,426,369
image_0111.jpg,475,369
image_0111.jpg,466,370
image_0111.jpg,463,375
image_0111.jpg,452,375
image_0111.jpg,440,373
image_0111.jpg,431,369
image_0111.jpg,470,341
image_0112.jpg,499,282
image_0112.jpg,398,275
image_0112.jpg,466,389
image_0112.jpg,459,390
image_0112.jpg,446,395
image_0112.jpg,430,393
image_0112.jpg,424,390
image_0112.jpg,414,385
image_0113.jpg,502,250
image_0114.jpg,523,287
image_0114.jpg,658,298
image_0114.jpg,598,385
image_0114.jpg,528,425
image_0114.jpg,625,434
image_0115.jpg,211,308
image_0115.jpg,354,303
image_0115.jpg,298,407
image_0115.jpg,334,457
image_0115.jpg,227,458
image_0116.jpg,386,267
image_0116.jpg,511,253
image_0116.jpg,471,348
image_0116.jpg,429,343
image_0116.jpg,407,385
image_0116.jpg,509,379
image_0117.jpg,386,276
image_0117.jpg,258,282
image_0117.jpg,335,372
image_0117.jpg,291,364
image_0117.jpg,376,404
image_0117.jpg,276,407
image_0118.jpg,512,243
image_0118.jpg,648,249
image_0118.jpg,587,343
image_0118.jpg,522,381
image_0118.jpg,622,389
image_0119.jpg,377,264
image_0119.jpg,507,264
image_0119.jpg,454,355
image_0119.jpg,411,348
image_0119.jpg,390,398
image_0119.jpg,488,400
image_0120.jpg,388,422
image_0120.jpg,432,428
image_0120.jpg,488,420
image_0120.jpg,443,383
image_0120.jpg,502,280
image_0120.jpg,369,288
image_0121.jpg,374,264
image_0121.jpg,492,266
image_0121.jpg,443,346
image_0121.jpg,460,395
image_0121.jpg,376,386
image_0122.jpg,463,273
image_0122.jpg,598,270
image_0122.jpg,543,364
image_0122.jpg,483,413
image_0122.jpg,570,415
image_0123.jpg,373,257
image_0123.jpg,502,267
image_0123.jpg,437,359
image_0123.jpg,420,401
image_0123.jpg,476,397
image_0124.jpg,482,396
image_0124.jpg,383,390
image_0124.jpg,450,351
image_0124.jpg,511,254
image_0124.jpg,375,251
image_0125.jpg,371,270
image_0125.jpg,505,254
image_0125.jpg,460,352
image_0125.jpg,502,389
image_0126.jpg,375,247
image_0126.jpg,502,253
image_0126.jpg,442,344
image_0126.jpg,467,389
image_0127.jpg,423,401
image_0127.jpg,397,395
image_0127.jpg,455,404
image_0127.jpg,505,267
image_0127.jpg,371,257
image_0128.jpg,454,373
image_0128.jpg,371,278
image_0128.jpg,509,284
image_0128.jpg,480,429
image_0129.jpg,479,425
image_0129.jpg,602,288
image_0129.jpg,470,287
image_0129.jpg,548,382
image_0130.jpg,207,253
image_0130.jpg,338,255
image_0130.jpg,279,347
image_0130.jpg,314,392
image_0131.jpg,512,407
image_0131.jpg,607,415
image_0131.jpg,585,416
image_0131.jpg,630,282
image_0131.jpg,505,279
image_0131.jpg,575,371
image_0132.jpg,570,359
image_0132.jpg,496,270
image_0132.jpg,625,277
image_0132.jpg,598,406
image_0133.jpg,328,256
image_0133.jpg,205,263
image_0133.jpg,287,346
image_0133.jpg,244,348
image_0133.jpg,320,392
image_0133.jpg,224,397
image_0134.jpg,517,263
image_0134.jpg,639,269
image_0134.jpg,596,354
image_0134.jpg,524,398
image_0134.jpg,623,398
image_0135.jpg,665,268
image_0135.jpg,665,268
image_0135.jpg,532,270
image_0136.jpg,531,259
image_0136.jpg,656,258
image_0136.jpg,627,347
image_0136.jpg,554,401
image_0136.jpg,628,399
image_0136.jpg,597,408
image_0136.jpg,579,407
image_0136.jpg,612,407
image_0137.jpg,526,260
image_0137.jpg,661,255
image_0137.jpg,609,348
image_0137.jpg,560,398
image_0137.jpg,623,399
image_0137.jpg,598,404
image_0138.jpg,397,253
image_0138.jpg,520,255
image_0138.jpg,473,339
image_0138.jpg,479,388
image_0138.jpg,454,391
image_0138.jpg,431,388
image_0138.jpg,407,383
image_0138.jpg,495,386
image_0139.jpg,511,383
image_0139.jpg,595,385
image_0139.jpg,581,385
image_0139.jpg,570,332
image_0139.jpg,622,251
image_0139.jpg,505,249
image_0140.jpg,392,267
image_0140.jpg,515,268
image_0140.jpg,417,403
image_0140.jpg,470,403
image_0140.jpg,456,353
image_0141.jpg,454,257
image_0141.jpg,573,255
image_0141.jpg,525,339
image_0141.jpg,563,374
image_0141.jpg,470,378
image_0142.jpg,524,255
image_0142.jpg,631,262
image_0142.jpg,585,334
image_0142.jpg,522,376
image_0142.jpg,591,384
image_0142.jpg,548,383
image_0142.jpg,609,380
image_0143.jpg,611,376
image_0143.jpg,536,247
image_0143.jpg,654,251
image_0144.jpg,554,268
image_0144.jpg,675,264
image_0144.jpg,639,398
image_0144.jpg,616,401
image_0144.jpg,577,397
image_0145.jpg,382,264
image_0145.jpg,502,269
image_0145.jpg,472,396
image_0145.jpg,398,397
image_0145.jpg,434,400
image_0146.jpg,384,279
image_0146.jpg,503,277
image_0146.jpg,484,400
image_0146.jpg,394,398
image_0147.jpg,357,264
image_0147.jpg,236,263
image_0147.jpg,305,347
image_0147.jpg,330,393
image_0147.jpg,250,391
image_0148.jpg,297,241
image_0148.jpg,404,245
image_0148.jpg,307,366
image_0148.jpg,371,368
image_0148.jpg,342,367
image_0149.jpg,397,260
image_0149.jpg,512,263
image_0149.jpg,412,385
image_0149.jpg,477,387
image_0149.jpg,460,338
image_0150.jpg,254,245
image_0150.jpg,371,245
image_0150.jpg,331,372
image_0151.jpg,512,236
image_0151.jpg,623,242
image_0151.jpg,587,363
image_0151.jpg,522,361
image_0152.jpg,390,276
image_0152.jpg,512,279
image_0152.jpg,407,410
image_0152.jpg,469,414
image_0153.jpg,494,393
image_0153.jpg,417,392
image_0153.jpg,455,394
image_0153.jpg,520,259
image_0153.jpg,397,257
image_0154.jpg,398,267
image_0154.jpg,519,270
image_0154.jpg,476,402
image_0154.jpg,410,396
image_0155.jpg,399,405
image_0155.jpg,375,267
image_0155.jpg,498,274
image_0156.jpg,562,255
image_0156.jpg,689,258
image_0157.jpg,394,275
image_0157.jpg,518,279
image_0157.jpg,480,414
image_0157.jpg,447,414
image_0157.jpg,424,413
image_0157.jpg,463,366
image_0158.jpg,400,389
image_0158.jpg,480,399
image_0158.jpg,394,273
image_0158.jpg,508,273
image_0159.jpg,486,280
image_0159.jpg,407,281
image_0159.jpg,474,365
image_0159.jpg,459,325
image_0159.jpg,433,324
image_0160.jpg,413,261
image_0160.jpg,478,261
image_0160.jpg,454,296
image_0160.jpg,433,295
image_0160.jpg,467,327
image_0161.jpg,394,261
image_0161.jpg,478,258
image_0161.jpg,408,346
image_0161.jpg,472,342
image_0161.jpg,451,307
image_0161.jpg,422,354
image_0162.jpg,429,268
image_0162.jpg,487,268
image_0162.jpg,482,330
image_0162.jpg,465,304
image_0162.jpg,436,334
image_0163.jpg,483,262
image_0163.jpg,437,308
image_0163.jpg,461,308
image_0163.jpg,476,345
image_0164.jpg,418,360
image_0164.jpg,475,357
image_0164.jpg,405,273
image_0164.jpg,486,267
image_0165.jpg,429,256
image_0165.jpg,505,255
image_0165.jpg,445,344
image_0165.jpg,488,341
image_0165.jpg,475,302
image_0165.jpg,448,301
image_0166.jpg,376,278
image_0166.jpg,503,273
image_0166.jpg,415,411
image_0166.jpg,468,405
image_0167.jpg,251,277
image_0167.jpg,366,271
image_0167.jpg,327,345
image_0167.jpg,291,346
image_0167.jpg,259,395
image_0167.jpg,366,389
image_0168.jpg,346,404
image_0168.jpg,380,272
image_0168.jpg,259,279
image_0169.jpg,224,289
image_0169.jpg,339,283
image_0169.jpg,300,358
image_0169.jpg,341,402
image_0169.jpg,229,410
image_0170.jpg,543,279
image_0170.jpg,660,277
image_0170.jpg,633,402
image_0170.jpg,566,407
image_0170.jpg,657,405
image_0170.jpg,548,404
image_0171.jpg,496,408
image_0171.jpg,602,413
image_0171.jpg,626,278
image_0171.jpg,505,271
image_0171.jpg,534,359
image_0171.jpg,575,364
image_0172.jpg,233,257
image_0172.jpg,355,278
image_0172.jpg,289,355
image_0172.jpg,214,391
image_0172.jpg,315,407
image_0172.jpg,290,355
image_0173.jpg,545,416
image_0173.jpg,512,399
image_0173.jpg,624,391
image_0173.jpg,628,259
image_0173.jpg,500,267
image_0173.jpg,538,353
image_0174.jpg,434,243
image_0174.jpg,559,248
image_0174.jpg,495,332
image_0174.jpg,459,392
image_0174.jpg,498,393
image_0174.jpg,433,380
image_0174.jpg,541,388
image_0175.jpg,541,388
image_0175.jpg,493,399
image_0175.jpg,465,388
image_0175.jpg,568,390
image_0175.jpg,538,401
image_0175.jpg,590,249
image_0175.jpg,461,245
image_0175.jpg,544,332
image_0176.jpg,452,270
image_0176.jpg,589,271
image_0176.jpg,546,360
image_0176.jpg,512,353
image_0176.jpg,568,412
image_0177.jpg,481,423
image_0177.jpg,572,436
image_0177.jpg,468,414
image_0177.jpg,521,373
image_0177.jpg,607,291
image_0177.jpg,474,282
image_0178.jpg,464,259
image_0178.jpg,604,269
image_0178.jpg,547,358
image_0178.jpg,475,407
image_0178.jpg,563,417
image_0179.jpg,229,273
image_0179.jpg,360,278
image_0179.jpg,300,361
image_0179.jpg,330,409
image_0180.jpg,381,228
image_0180.jpg,529,245
image_0180.jpg,481,335
image_0180.jpg,440,327
image_0180.jpg,489,398
image_0181.jpg,373,250
image_0181.jpg,514,268
image_0181.jpg,451,362
image_0182.jpg,377,251
image_0182.jpg,517,263
image_0182.jpg,472,350
image_0182.jpg,393,402
image_0182.jpg,487,410
image_0183.jpg,374,245
image_0183.jpg,512,246
image_0183.jpg,452,340
image_0184.jpg,230,262
image_0184.jpg,367,261
image_0184.jpg,343,403
image_0184.jpg,255,400
image_0185.jpg,354,242
image_0185.jpg,503,228
image_0185.jpg,453,325
image_0186.jpg,390,273
image_0186.jpg,521,274
image_0186.jpg,480,363
image_0186.jpg,408,417
image_0186.jpg,495,422
image_0187.jpg,217,257
image_0187.jpg,365,265
image_0187.jpg,300,354
image_0187.jpg,235,410
image_0188.jpg,367,251
image_0188.jpg,508,259
image_0188.jpg,478,395
image_0188.jpg,455,347
image_0189.jpg,357,256
image_0189.jpg,503,261
image_0189.jpg,476,411
image_0189.jpg,383,407
image_0189.jpg,365,391
image_0190.jpg,384,238
image_0190.jpg,510,257
image_0190.jpg,458,344
image_0190.jpg,423,334
image_0190.jpg,373,383
image_0190.jpg,471,395
image_0191.jpg,595,414
image_0191.jpg,563,356
image_0191.jpg,624,272
image_0191.jpg,489,273
image_0192.jpg,370,254
image_0192.jpg,497,242
image_0192.jpg,444,316
image_0192.jpg,409,319
image_0192.jpg,479,376
image_0193.jpg,483,413
image_0193.jpg,377,262
image_0193.jpg,515,268
image_0193.jpg,464,352
image_0193.jpg,427,348
image_0194.jpg,459,225
image_0194.jpg,595,232
image_0194.jpg,545,317
image_0194.jpg,548,376
image_0194.jpg,559,374
image_0195.jpg,507,273
image_0195.jpg,364,249
image_0195.jpg,418,365
image_0195.jpg,414,447
image_0196.jpg,503,265
image_0196.jpg,622,265
image_0196.jpg,575,336
image_0196.jpg,547,336
image_0196.jpg,605,382
image_0196.jpg,543,382
image_0196.jpg,588,383
image_0197.jpg,287,279
image_0197.jpg,410,274
image_0197.jpg,351,353
image_0197.jpg,362,397
image_0197.jpg,390,395
image_0198.jpg,470,345
image_0198.jpg,441,346
image_0198.jpg,395,279
image_0198.jpg,514,276
image_0198.jpg,497,393
image_0199.jpg,259,262
image_0199.jpg,379,257
image_0199.jpg,298,330
image_0199.jpg,343,375
image_0200.jpg,217,286
image_0200.jpg,329,285
image_0200.jpg,287,400
image_0200.jpg,281,354
image_0200.jpg,257,358
image_0201.jpg,311,281
image_0201.jpg,425,277
image_0201.jpg,354,348
image_0201.jpg,380,348
image_0201.jpg,385,394
image_0201.jpg,329,396
image_0201.jpg,410,393
image_0202.jpg,501,267
image_0202.jpg,621,268
image_0202.jpg,547,335
image_0202.jpg,577,334
image_0203.jpg,404,266
image_0203.jpg,521,261
image_0203.jpg,484,335
image_0203.jpg,510,378
image_0204.jpg,376,275
image_0204.jpg,494,271
image_0204.jpg,441,342
image_0204.jpg,455,387
image_0205.jpg,609,266
image_0205.jpg,480,264
image_0205.jpg,546,335
image_0206.jpg,546,335
image_0206.jpg,497,248
image_0206.jpg,618,250
image_0206.jpg,555,322
image_0206.jpg,578,320
image_0207.jpg,390,281
image_0207.jpg,504,280
image_0207.jpg,458,349
image_0208.jpg,498,290
image_0208.jpg,612,284
image_0208.jpg,561,356
image_0209.jpg,540,271
image_0209.jpg,660,267
image_0209.jpg,618,339
image_0209.jpg,587,340
image_0210.jpg,302,221
image_0210.jpg,417,218
image_0210.jpg,366,281
image_0210.jpg,339,281
image_0210.jpg,372,330
image_0211.jpg,283,284
image_0211.jpg,407,282
image_0211.jpg,357,354
image_0212.jpg,489,251
image_0212.jpg,621,252
image_0212.jpg,562,328
image_0213.jpg,241,268
image_0213.jpg,359,268
image_0213.jpg,308,336
image_0214.jpg,384,273
image_0214.jpg,505,273
image_0214.jpg,450,346
image_0215.jpg,555,296
image_0215.jpg,674,291
image_0215.jpg,602,365
image_0216.jpg,508,273
image_0216.jpg,620,269
image_0216.jpg,556,342
image_0217.jpg,385,267
image_0217.jpg,510,265
image_0217.jpg,502,400
image_0218.jpg,456,354
image_0218.jpg,382,270
image_0218.jpg,504,271
image_0218.jpg,389,405
image_0218.jpg,492,400
image_0219.jpg,373,262
image_0220.jpg,663,278
image_0220.jpg,543,272
image_0220.jpg,625,369
image_0220.jpg,659,409
image_0220.jpg,548,410
image_0221.jpg,580,265
image_0221.jpg,466,267
image_0221.jpg,539,352
image_0221.jpg,577,393
image_0221.jpg,469,392
image_0222.jpg,456,359
image_0222.jpg,500,263
image_0222.jpg,380,262
image_0222.jpg,495,396
image_0222.jpg,378,395
image_0223.jpg,386,264
image_0223.jpg,510,266
image_0223.jpg,472,363
image_0224.jpg,518,267
image_0224.jpg,644,269
image_0224.jpg,591,366
image_0224.jpg,553,368
image_0225.jpg,469,356
image_0225.jpg,438,357
image_0225.jpg,513,267
image_0225.jpg,391,267
image_0226.jpg,373,237
image_0226.jpg,263,237
image_0226.jpg,333,317
image_0226.jpg,300,319
image_0227.jpg,393,254
image_0227.jpg,515,257
image_0227.jpg,478,350
image_0227.jpg,441,352
image_0228.jpg,509,273
image_0228.jpg,395,267
image_0228.jpg,469,353
image_0228.jpg,435,355
image_0229.jpg,458,346
image_0229.jpg,423,349
image_0229.jpg,381,260
image_0229.jpg,500,263
image_0230.jpg,456,349
image_0230.jpg,419,351
image_0230.jpg,504,256
image_0230.jpg,383,253
image_0230.jpg,492,396
image_0230.jpg,388,401
image_0231.jpg,467,244
image_0231.jpg,588,245
image_0231.jpg,544,341
image_0231.jpg,508,341
image_0232.jpg,500,383
image_0232.jpg,398,388
image_0232.jpg,393,268
image_0232.jpg,506,266
image_0232.jpg,465,350
image_0232.jpg,430,351
image_0233.jpg,467,282
image_0233.jpg,594,289
image_0233.jpg,549,380
image_0233.jpg,510,380
image_0233.jpg,579,421
image_0234.jpg,508,250
image_0235.jpg,507,264
image_0235.jpg,385,263
image_0235.jpg,466,353
image_0235.jpg,428,357
image_0235.jpg,396,400
image_0235.jpg,406,406
image_0235.jpg,415,407
image_0235.jpg,426,408
image_0235.jpg,441,409
image_0235.jpg,459,406
image_0235.jpg,459,404
image_0235.jpg,445,403
image_0235.jpg,426,403
image_0235.jpg,473,401
image_0235.jpg,483,399
image_0235.jpg,496,394
image_0236.jpg,505,253
image_0236.jpg,391,253
image_0236.jpg,464,343
image_0236.jpg,430,345
image_0237.jpg,506,250
image_0237.jpg,395,252
image_0237.jpg,463,331
image_0237.jpg,432,333
image_0237.jpg,494,384
image_0237.jpg,401,384
image_0238.jpg,403,272
image_0238.jpg,514,273
image_0238.jpg,471,355
image_0238.jpg,440,356
image_0239.jpg,515,278
image_0241.jpg,421,265
image_0241.jpg,300,261
image_0241.jpg,382,356
image_0241.jpg,345,360
image_0241.jpg,409,401
image_0241.jpg,400,406
image_0241.jpg,390,406
image_0241.jpg,379,408
image_0241.jpg,358,409
image_0241.jpg,341,406
image_0241.jpg,331,407
image_0241.jpg,318,405
image_0240.jpg,470,323
image_0240.jpg,435,324
image_0240.jpg,390,252
image_0242.jpg,478,284
image_0242.jpg,585,284
image_0242.jpg,544,364
image_0242.jpg,509,365
image_0242.jpg,567,412
image_0242.jpg,499,411
image_0243.jpg,483,381
image_0243.jpg,431,383
image_0243.jpg,426,343
image_0243.jpg,459,341
image_0243.jpg,496,259
image_0243.jpg,395,265
image_0244.jpg,398,296
image_0244.jpg,290,300
image_0244.jpg,353,380
image_0244.jpg,318,382
image_0244.jpg,364,420
image_0245.jpg,362,288
image_0245.jpg,255,290
image_0246.jpg,454,282
image_0246.jpg,519,363
image_0246.jpg,484,360
image_0247.jpg,456,298
image_0247.jpg,349,300
image_0247.jpg,413,382
image_0247.jpg,378,384
image_0248.jpg,423,387
image_0248.jpg,447,388
image_0248.jpg,473,386
image_0248.jpg,458,380
image_0248.jpg,437,380
image_0248.jpg,459,340
image_0248.jpg,428,341
image_0248.jpg,397,267
image_0248.jpg,502,264
image_0249.jpg,484,259
image_0249.jpg,386,262
image_0249.jpg,440,336
image_0249.jpg,436,374
image_0250.jpg,457,384
image_0250.jpg,368,390
image_0250.jpg,433,450
image_0250.jpg,399,453
image_0251.jpg,359,269
image_0251.jpg,255,274
image_0251.jpg,317,355
image_0251.jpg,281,356
image_0252.jpg,489,322
image_0252.jpg,588,320
image_0252.jpg,552,397
image_0252.jpg,521,396
image_0253.jpg,392,277
image_0254.jpg,470,313
image_0255.jpg,514,291
image_0255.jpg,407,294
image_0255.jpg,469,379
image_0255.jpg,440,377
image_0256.jpg,584,384
image_0256.jpg,552,384
image_0256.jpg,517,307
image_0256.jpg,623,300
image_0256.jpg,591,422
image_0256.jpg,577,425
image_0256.jpg,558,422
image_0256.jpg,550,422
image_0256.jpg,536,424
image_0257.jpg,399,304
image_0258.jpg,453,343
image_0258.jpg,421,344
image_0258.jpg,393,269
image_0258.jpg,502,261
image_0258.jpg,430,391
image_0258.jpg,454,390
image_0259.jpg,359,278
image_0259.jpg,260,281
image_0259.jpg,320,354
image_0259.jpg,284,353
image_0259.jpg,292,393
image_0260.jpg,505,288
image_0260.jpg,603,282
image_0260.jpg,563,360
image_0260.jpg,548,403
image_0261.jpg,494,282
image_0262.jpg,436,299
image_0262.jpg,326,300
image_0262.jpg,396,389
image_0262.jpg,363,387
image_0263.jpg,458,324
image_0263.jpg,397,253
image_0263.jpg,499,250
image_0263.jpg,436,369
image_0264.jpg,360,276
image_0265.jpg,653,556
image_0266.jpg,333,269
image_0266.jpg,221,268
image_0266.jpg,246,409
image_0266.jpg,301,410
image_0266.jpg,285,417
image_0266.jpg,274,417
image_0266.jpg,262,415
image_0267.jpg,591,291
image_0267.jpg,476,291
image_0267.jpg,544,399
image_0267.jpg,514,442
image_0268.jpg,580,376
image_0268.jpg,521,270
image_0268.jpg,634,270
image_0268.jpg,580,420
image_0269.jpg,492,272
image_0269.jpg,382,264
image_0269.jpg,448,351
image_0269.jpg,414,347
image_0269.jpg,453,406
image_0269.jpg,433,407
image_0269.jpg,415,405
image_0269.jpg,407,403
image_0270.jpg,516,269
image_0271.jpg,535,300
image_0271.jpg,495,439
image_0271.jpg,446,438
image_0272.jpg,453,345
image_0272.jpg,420,343
image_0272.jpg,455,398
image_0272.jpg,420,398
image_0272.jpg,384,254
image_0272.jpg,501,256
image_0273.jpg,364,303
image_0273.jpg,258,303
image_0273.jpg,316,389
image_0273.jpg,321,435
image_0273.jpg,289,434
image_0274.jpg,470,286
image_0274.jpg,582,286
image_0274.jpg,571,420
image_0274.jpg,555,423
image_0274.jpg,548,426
image_0274.jpg,528,430
image_0274.jpg,527,417
image_0274.jpg,544,412
image_0274.jpg,507,427
image_0274.jpg,498,426
image_0274.jpg,491,422
image_0274.jpg,481,419
image_0275.jpg,503,262
image_0275.jpg,455,354
image_0276.jpg,498,330
image_0276.jpg,388,322
image_0276.jpg,457,411
image_0276.jpg,422,407
image_0276.jpg,470,462
image_0276.jpg,462,462
image_0276.jpg,442,461
image_0276.jpg,420,460
image_0276.jpg,413,460
image_0277.jpg,482,401
image_0277.jpg,463,343
image_0277.jpg,423,340
image_0277.jpg,503,261
image_0277.jpg,389,259
image_0278.jpg,522,254
image_0278.jpg,643,258
image_0278.jpg,599,347
image_0278.jpg,559,341
image_0278.jpg,599,404
image_0278.jpg,547,401
image_0278.jpg,554,401
image_0278.jpg,575,402
image_0279.jpg,351,415
image_0279.jpg,350,363
image_0279.jpg,315,358
image_0279.jpg,281,273
image_0280.jpg,379,265
image_0281.jpg,435,302
image_0282.jpg,455,344
image_0282.jpg,421,341
image_0282.jpg,466,402
image_0282.jpg,440,397
image_0282.jpg,422,397
image_0282.jpg,416,397
image_0282.jpg,388,263
image_0282.jpg,500,266
image_0283.jpg,341,271
image_0283.jpg,218,267
image_0283.jpg,290,361
image_0283.jpg,253,361
image_0284.jpg,542,467
image_0284.jpg,489,461
image_0284.jpg,534,418
image_0284.jpg,578,320
image_0284.jpg,458,313
image_0285.jpg,405,262
image_0285.jpg,286,265
image_0285.jpg,396,403
image_0285.jpg,384,408
image_0285.jpg,371,413
image_0285.jpg,353,414
image_0285.jpg,353,407
image_0285.jpg,369,399
image_0285.jpg,334,415
image_0285.jpg,320,413
image_0285.jpg,310,403
image_0286.jpg,586,351
image_0286.jpg,620,267
image_0287.jpg,494,268
image_0287.jpg,381,265
image_0287.jpg,451,351
image_0287.jpg,460,402
image_0287.jpg,406,402
image_0287.jpg,418,349
image_0288.jpg,378,264
image_0288.jpg,266,252
image_0288.jpg,333,339
image_0288.jpg,293,337
image_0289.jpg,395,277
image_0290.jpg,497,272
image_0290.jpg,382,274
image_0290.jpg,444,353
image_0290.jpg,401,351
image_0291.jpg,455,351
image_0291.jpg,416,350
image_0291.jpg,386,265
image_0291.jpg,501,268
image_0292.jpg,423,532
image_0293.jpg,509,277
image_0294.jpg,478,266
image_0294.jpg,593,267
image_0294.jpg,549,358
image_0295.jpg,199,262
image_0296.jpg,459,352
image_0296.jpg,382,271
image_0297.jpg,511,250
image_0297.jpg,630,261
image_0297.jpg,578,344
image_0298.jpg,601,559
image_0299.jpg,347,515
image_0300.jpg,469,260
image_0300.jpg,538,352
image_0300.jpg,495,350
image_0301.jpg,498,269
image_0301.jpg,379,266
image_0301.jpg,457,353
image_0301.jpg,409,353
image_0302.jpg,427,349
image_0302.jpg,464,346
image_0302.jpg,504,269
image_0302.jpg,393,273
image_0303.jpg,402,271
image_0304.jpg,365,270
image_0304.jpg,255,265
image_0304.jpg,324,348
image_0304.jpg,281,349
image_0305.jpg,374,279
image_0305.jpg,260,275
image_0305.jpg,355,415
image_0305.jpg,275,414
image_0306.jpg,463,267
image_0307.jpg,531,276
image_0307.jpg,598,356
image_0307.jpg,598,356
image_0308.jpg,646,273
image_0308.jpg,518,279
image_0308.jpg,579,437
image_0308.jpg,598,433
image_0308.jpg,622,425
image_0308.jpg,579,424
image_0308.jpg,562,423
image_0308.jpg,561,434
image_0308.jpg,553,432
image_0308.jpg,541,424
image_0309.jpg,520,255
image_0309.jpg,405,257
image_0309.jpg,483,350
image_0309.jpg,488,391
image_0310.jpg,497,263
image_0310.jpg,384,262
image_0310.jpg,460,354
image_0311.jpg,366,265
image_0311.jpg,253,267
image_0311.jpg,351,384
image_0311.jpg,346,397
image_0311.jpg,337,401
image_0311.jpg,328,404
image_0311.jpg,314,405
image_0311.jpg,300,405
image_0311.jpg,292,404
image_0311.jpg,269,389
image_0312.jpg,524,383
image_0312.jpg,532,393
image_0312.jpg,538,392
image_0312.jpg,550,391
image_0312.jpg,558,391
image_0312.jpg,562,391
image_0312.jpg,570,390
image_0312.jpg,570,390
image_0312.jpg,577,387
image_0312.jpg,587,383
image_0312.jpg,593,382
image_0312.jpg,537,337
image_0313.jpg,429,307
image_0313.jpg,306,313
image_0313.jpg,382,406
image_0313.jpg,353,410
image_0313.jpg,401,456
image_0313.jpg,392,459
image_0313.jpg,385,461
image_0313.jpg,373,461
image_0313.jpg,372,469
image_0313.jpg,361,468
image_0313.jpg,359,461
image_0313.jpg,353,461
image_0313.jpg,338,464
image_0314.jpg,465,413
image_0314.jpg,451,415
image_0314.jpg,430,412
image_0314.jpg,424,414
image_0314.jpg,464,363
image_0314.jpg,500,267
image_0314.jpg,388,273
image_0315.jpg,465,411
image_0315.jpg,486,408
image_0315.jpg,435,415
image_0315.jpg,425,411
image_0315.jpg,414,404
image_0315.jpg,486,404
image_0316.jpg,502,268
image_0316.jpg,386,270
image_0316.jpg,402,391
image_0316.jpg,410,402
image_0316.jpg,425,408
image_0316.jpg,431,411
image_0316.jpg,438,411
image_0316.jpg,445,411
image_0316.jpg,469,408
image_0316.jpg,479,403
image_0316.jpg,487,389
image_0317.jpg,177,500
image_0318.jpg,499,402
image_0318.jpg,475,248
image_0318.jpg,605,246
image_0318.jpg,585,402
image_0318.jpg,573,408
image_0318.jpg,559,413
image_0318.jpg,522,413
image_0318.jpg,510,408
image_0318.jpg,498,401
image_0319.jpg,289,409
image_0320.jpg,364,367
image_0321.jpg,359,261
image_0321.jpg,476,257
image_0321.jpg,417,399
image_0322.jpg,555,414
image_0323.jpg,571,368
image_0324.jpg,319,202
image_0324.jpg,201,211
image_0324.jpg,278,301
image_0324.jpg,299,351
image_0324.jpg,286,351
image_0324.jpg,275,356
image_0324.jpg,266,356
image_0324.jpg,257,356
image_0324.jpg,250,356
image_0324.jpg,239,355
image_0325.jpg,233,419
image_0326.jpg,576,263
image_0326.jpg,696,263
image_0326.jpg,658,359
image_0326.jpg,674,394
image_0326.jpg,656,410
image_0326.jpg,649,411
image_0326.jpg,635,415
image_0326.jpg,632,414
image_0326.jpg,616,413
image_0326.jpg,608,411
image_0326.jpg,585,389
image_0326.jpg,677,389
image_0327.jpg,498,257
image_0327.jpg,442,397
image_0327.jpg,426,394
image_0327.jpg,416,388
image_0327.jpg,462,390
image_0327.jpg,477,382
image_0327.jpg,480,372
image_0328.jpg,71,488
image_0329.jpg,82,495
image_0330.jpg,381,575
image_0331.jpg,547,204
image_0332.jpg,529,169
image_0333.jpg,788,42
image_0334.jpg,464,244
image_0335.jpg,458,191
image_0336.jpg,484,157
image_0337.jpg,510,275
image_0337.jpg,376,279
image_0337.jpg,425,354
image_0337.jpg,461,352
image_0337.jpg,496,415
image_0337.jpg,397,416
image_0338.jpg,538,345
image_0338.jpg,504,345
image_0338.jpg,504,345
image_0338.jpg,468,274
image_0338.jpg,591,270
image_0338.jpg,570,397
image_0339.jpg,514,265
image_0340.jpg,511,259
image_0340.jpg,369,270
image_0340.jpg,432,351
image_0340.jpg,470,351
image_0341.jpg,486,252
image_0341.jpg,618,253
image_0341.jpg,557,326
image_0341.jpg,520,325
image_0341.jpg,599,389
image_0341.jpg,590,389
image_0341.jpg,579,389
image_0341.jpg,563,393
image_0341.jpg,565,381
image_0341.jpg,545,397
image_0341.jpg,528,391
image_0341.jpg,514,390
image_0341.jpg,507,386
image_0341.jpg,601,389
image_0342.jpg,605,266
image_0342.jpg,470,277
image_0342.jpg,517,353
image_0342.jpg,559,352
image_0342.jpg,593,404
image_0342.jpg,590,407
image_0342.jpg,579,409
image_0342.jpg,571,417
image_0342.jpg,553,419
image_0342.jpg,534,417
image_0342.jpg,519,415
image_0342.jpg,505,409
image_0343.jpg,562,395
image_0343.jpg,554,395
image_0343.jpg,544,395
image_0343.jpg,523,398
image_0343.jpg,507,398
image_0343.jpg,495,398
image_0343.jpg,532,341
image_0343.jpg,499,340
image_0343.jpg,460,269
image_0343.jpg,580,266
image_0344.jpg,569,294
image_0344.jpg,442,302
image_0344.jpg,517,368
image_0344.jpg,481,370
image_0344.jpg,550,429
image_0344.jpg,539,429
image_0344.jpg,529,431
image_0344.jpg,510,432
image_0344.jpg,493,432
image_0344.jpg,481,431
image_0345.jpg,488,408
image_0345.jpg,477,409
image_0345.jpg,466,411
image_0345.jpg,444,416
image_0345.jpg,428,415
image_0345.jpg,417,413
image_0345.jpg,404,409
image_0345.jpg,423,405
image_0345.jpg,446,405
image_0345.jpg,458,403
image_0345.jpg,456,350
image_0345.jpg,415,353
image_0345.jpg,375,277
image_0345.jpg,505,265
image_0346.jpg,511,264
image_0346.jpg,384,270
image_0347.jpg,456,340
image_0347.jpg,419,343
image_0347.jpg,377,263
image_0347.jpg,509,256
image_0348.jpg,481,266
image_0348.jpg,520,337
image_0348.jpg,555,333
image_0348.jpg,606,259
image_0348.jpg,586,391
image_0348.jpg,576,391
image_0348.jpg,560,393
image_0348.jpg,548,393
image_0348.jpg,530,393
image_0348.jpg,516,392
image_0348.jpg,511,392
image_0349.jpg,308,250
image_0350.jpg,377,274
image_0350.jpg,501,270
image_0350.jpg,445,345
image_0350.jpg,413,345
image_0350.jpg,478,400
image_0350.jpg,467,402
image_0350.jpg,456,402
image_0350.jpg,437,403
image_0350.jpg,418,403
image_0350.jpg,408,403
image_0350.jpg,402,400
image_0351.jpg,418,334
image_0351.jpg,453,327
image_0351.jpg,502,253
image_0351.jpg,373,262
image_0352.jpg,371,267
image_0352.jpg,505,261
image_0352.jpg,449,343
image_0352.jpg,414,346
image_0353.jpg,449,319
image_0353.jpg,411,405
image_0353.jpg,364,406
image_0353.jpg,317,332
image_0353.jpg,446,450
image_0353.jpg,439,455
image_0353.jpg,428,461
image_0353.jpg,418,461
image_0353.jpg,397,457
image_0353.jpg,397,473
image_0353.jpg,382,472
image_0353.jpg,379,457
image_0353.jpg,363,457
image_0353.jpg,363,464
image_0353.jpg,353,459
image_0353.jpg,353,459
image_0354.jpg,477,395
image_0354.jpg,466,395
image_0354.jpg,453,396
image_0354.jpg,435,397
image_0354.jpg,418,399
image_0354.jpg,404,397
image_0354.jpg,399,397
image_0354.jpg,410,338
image_0354.jpg,441,338
image_0354.jpg,494,262
image_0354.jpg,366,266
image_0355.jpg,291,279
image_0355.jpg,424,271
image_0355.jpg,370,355
image_0355.jpg,336,360
image_0355.jpg,407,413
image_0355.jpg,395,416
image_0355.jpg,382,417
image_0355.jpg,381,412
image_0355.jpg,363,412
image_0355.jpg,363,417
image_0355.jpg,345,416
image_0355.jpg,333,417
image_0356.jpg,380,259
image_0356.jpg,506,257
image_0356.jpg,461,329
image_0356.jpg,426,329
image_0356.jpg,407,384
image_0356.jpg,418,389
image_0356.jpg,428,390
image_0356.jpg,428,379
image_0356.jpg,451,380
image_0356.jpg,451,387
image_0356.jpg,468,387
image_0356.jpg,478,386
image_0356.jpg,489,385
image_0357.jpg,469,309
image_0357.jpg,601,309
image_0357.jpg,547,398
image_0357.jpg,532,451
image_0358.jpg,371,291
image_0359.jpg,410,326
image_0359.jpg,281,324
image_0359.jpg,350,418
image_0359.jpg,316,415
image_0360.jpg,500,273
image_0360.jpg,385,279
image_0360.jpg,449,353
image_0361.jpg,502,321
image_0362.jpg,521,269
image_0363.jpg,526,254
image_0363.jpg,478,358
image_0364.jpg,378,289
image_0364.jpg,496,268
image_0364.jpg,458,358
image_0365.jpg,479,331
image_0365.jpg,526,262
image_0365.jpg,412,242
image_0366.jpg,489,272
image_0367.jpg,507,329
image_0368.jpg,497,281
image_0368.jpg,371,276
image_0368.jpg,443,367
image_0369.jpg,495,255
image_0370.jpg,495,248
image_0370.jpg,370,251
image_0370.jpg,443,332
image_0371.jpg,387,416
image_0371.jpg,426,308
image_0372.jpg,561,259
image_0372.jpg,517,355
image_0372.jpg,429,275
image_0373.jpg,473,273
image_0374.jpg,494,252
image_0374.jpg,369,375
image_0375.jpg,438,343
image_0375.jpg,487,259
image_0375.jpg,369,262
image_0376.jpg,422,299
image_0377.jpg,384,271
image_0377.jpg,505,267
image_0377.jpg,458,365
image_0377.jpg,463,421
image_0378.jpg,659,272
image_0378.jpg,533,270
image_0378.jpg,607,369
image_0378.jpg,575,365
image_0379.jpg,496,274
image_0379.jpg,626,275
image_0379.jpg,571,376
image_0379.jpg,534,370
image_0379.jpg,569,439
image_0380.jpg,464,376
image_0380.jpg,504,280
image_0380.jpg,389,292
image_0380.jpg,434,375
image_0381.jpg,370,301
image_0381.jpg,254,304
image_0381.jpg,323,392
image_0381.jpg,291,392
image_0382.jpg,367,283
image_0382.jpg,452,377
image_0382.jpg,410,378
image_0382.jpg,493,269
image_0383.jpg,412,320
image_0383.jpg,296,319
image_0383.jpg,363,408
image_0383.jpg,330,409
image_0384.jpg,582,460
image_0384.jpg,541,462
image_0384.jpg,517,322
image_0384.jpg,627,323
image_0385.jpg,599,313
image_0385.jpg,483,313
image_0385.jpg,551,402
image_0385.jpg,555,409
image_0385.jpg,518,401
image_0385.jpg,552,457
image_0385.jpg,491,457
image_0386.jpg,498,272
image_0386.jpg,378,277
image_0386.jpg,451,368
image_0386.jpg,418,369
image_0387.jpg,300,432
image_0387.jpg,293,378
image_0387.jpg,260,376
image_0387.jpg,343,279
image_0387.jpg,223,285
image_0388.jpg,283,427
image_0389.jpg,485,319
image_0389.jpg,601,316
image_0389.jpg,556,409
image_0389.jpg,523,406
image_0390.jpg,370,275
image_0390.jpg,254,281
image_0390.jpg,330,362
image_0390.jpg,298,364
image_0390.jpg,334,413
image_0390.jpg,292,418
image_0390.jpg,369,275
image_0390.jpg,251,280
image_0390.jpg,331,363
image_0390.jpg,301,363
image_0390.jpg,338,417
image_0390.jpg,290,419
image_0391.jpg,582,422
image_0391.jpg,545,424
image_0391.jpg,626,274
image_0391.jpg,507,275
image_0391.jpg,579,370
image_0391.jpg,546,367
image_0392.jpg,567,302
image_0393.jpg,529,291
image_0393.jpg,411,288
image_0393.jpg,476,384
image_0393.jpg,445,382
image_0393.jpg,478,440
image_0393.jpg,443,439
image_0394.jpg,341,442
image_0394.jpg,306,443
image_0394.jpg,343,389
image_0394.jpg,309,386
image_0394.jpg,271,305
image_0394.jpg,382,301
image_0395.jpg,666,279
image_0395.jpg,553,280
image_0395.jpg,625,366
image_0395.jpg,591,364
image_0396.jpg,340,396
image_0396.jpg,308,398
image_0396.jpg,266,313
image_0396.jpg,379,300
image_0397.jpg,371,269
image_0398.jpg,485,300
image_0398.jpg,550,389
image_0398.jpg,595,304
image_0398.jpg,548,442
image_0398.jpg,521,441
image_0399.jpg,568,290
image_0399.jpg,538,415
image_0399.jpg,530,415
image_0400.jpg,806,410
image_0401.jpg,604,257
image_0401.jpg,486,256
image_0402.jpg,725,275
image_0403.jpg,830,230
image_0404.jpg,359,259
image_0405.jpg,494,264
image_0406.jpg,528,404
image_0406.jpg,504,404
image_0406.jpg,478,402
image_0407.jpg,469,256
image_0407.jpg,586,261
image_0407.jpg,542,341
image_0408.jpg,533,342
image_0408.jpg,499,341
image_0408.jpg,470,266
image_0408.jpg,582,270
image_0409.jpg,509,272
image_0409.jpg,385,271
image_0409.jpg,457,361
image_0409.jpg,424,360
image_0410.jpg,536,347
image_0410.jpg,503,352
image_0410.jpg,462,267
image_0410.jpg,584,262
image_0411.jpg,494,291
image_0411.jpg,379,293
image_0411.jpg,452,379
image_0411.jpg,417,377
image_0412.jpg,570,353
image_0413.jpg,591,316
image_0413.jpg,467,310
image_0413.jpg,538,400
image_0413.jpg,509,400
image_0414.jpg,458,354
image_0414.jpg,424,355
image_0414.jpg,385,267
image_0414.jpg,508,266
image_0415.jpg,510,277
image_0415.jpg,393,278
image_0416.jpg,482,293
image_0416.jpg,610,292
image_0416.jpg,552,382
image_0416.jpg,525,382
image_0417.jpg,584,267
image_0417.jpg,460,268
image_0417.jpg,532,362
image_0417.jpg,498,361
image_0418.jpg,601,302
image_0418.jpg,477,304
image_0418.jpg,549,391
image_0418.jpg,519,393
image_0418.jpg,540,442
image_0419.jpg,505,282
image_0420.jpg,507,272
image_0420.jpg,383,270
image_0420.jpg,458,359
image_0420.jpg,421,359
image_0421.jpg,466,362
image_0421.jpg,511,280
image_0422.jpg,499,272
image_0422.jpg,447,357
image_0422.jpg,416,357
image_0422.jpg,380,275
image_0423.jpg,497,289
image_0423.jpg,616,289
image_0423.jpg,565,373
image_0423.jpg,533,373
image_0424.jpg,590,263
image_0424.jpg,478,269
image_0424.jpg,547,345
image_0424.jpg,515,344
image_0425.jpg,602,279
image_0425.jpg,482,282
image_0426.jpg,500,284
image_0426.jpg,379,282
image_0427.jpg,456,301
image_0427.jpg,573,300
image_0428.jpg,503,251
image_0428.jpg,624,250
image_0428.jpg,575,335
image_0428.jpg,541,339
image_0429.jpg,380,314
image_0429.jpg,273,318
image_0430.jpg,599,329
image_0430.jpg,488,330
image_0431.jpg,503,262
image_0431.jpg,383,262
image_0432.jpg,487,266
image_0432.jpg,604,264
image_0433.jpg,491,265
image_0434.jpg,492,267
image_0434.jpg,381,273
image_0435.jpg,396,356
image_0435.jpg,517,348
image_0436.jpg,519,270
image_0436.jpg,403,268
image_0437.jpg,511,261
image_0437.jpg,390,265
image_0438.jpg,495,261
image_0439.jpg,575,320
image_0439.jpg,468,323
image_0440.jpg,435,298
image_0440.jpg,321,304
image_0441.jpg,484,270
image_0442.jpg,506,272
image_0442.jpg,386,274
image_0442.jpg,456,372
image_0443.jpg,450,352
image_0443.jpg,493,254
image_0443.jpg,379,260
image_0444.jpg,586,273
image_0444.jpg,475,276
image_0445.jpg,504,270
image_0445.jpg,387,276
image_0446.jpg,576,290
image_0446.jpg,693,285
image_0447.jpg,676,283
image_0448.jpg,390,273
image_0448.jpg,269,277
image_0449.jpg,488,265
image_0449.jpg,372,271
image_0450.jpg,385,279
image_0450.jpg,498,273
image_0450.jpg,462,365
